{"guid":{"value":"599dd2274af0fe2a-e65044ec1b25a151"},"aspectRatio":1,"rotation":{"x":90,"y":0,"z":0},"center":{"x":14,"y":0,"z":0},"unclampedSize":{"x":75,"y":51},"nodeSize":1,"collision":{"type":"Sphere","diameter":1,"height":100,"collisionOffset":-50,"rayDirection":"Both","mask":{"value":1},"heightMask":{"value":-1},"fromHeight":100,"thickRaycast":false,"thickRaycastDiameter":1,"up":{"x":0,"y":5.96046448E-08,"z":0.99999994},"collisionCheck":true,"heightCheck":true,"unwalkableWhenNoGround":true,"use2D":true},"maxClimb":0.4,"maxClimbAxis":2,"maxSlope":0,"erodeIterations":0,"erosionUseTags":false,"erosionFirstTag":1,"autoLinkGrids":false,"autoLinkDistLimit":10,"neighbours":"Four","cutCorners":true,"penaltyPositionOffset":0,"penaltyPosition":false,"penaltyPositionFactor":1,"penaltyAngle":false,"penaltyAngleFactor":100,"initialPenalty":0,"open":true,"name":"Grid Graph","drawGizmos":true,"infoScreenOpen":false,"matrix":{"values":[1,0,0,0,0,5.96046448E-08,0.99999994,0,0,-0.99999994,5.96046448E-08,0,-23.5,25.4999981,-1.51991844E-06,1]}}